图片1,https://www.bing.com/images/search?view=detailV2&ccid=Md86Wi2E&id=94E5B2B0F268680EDC09B59CFF9383E54D3A41EC&thid=OIP.Md86Wi2EYiKHNPldRZiD4gHaEo&mediaurl=https%3a%2f%2fth.bing.com%2fth%2fid%2fR.31df3a5a2d8462228734f95d459883e2%3frik%3d7EE6TeWDk%252f%252bctQ%26riu%3dhttp%253a%252f%252fwww.quazero.com%252fuploads%252fallimg%252f140303%252f1-140303214331.jpg%26ehk%3dSpI7mz%252byLqOkT8BL79jcd3iCtQYNFlBHQzbtF1p0vuQ%253d%26risl%3d%26pid%3dImgRaw%26r%3d0&exph=1050&expw=1680&q=%e9%ab%98%e6%b8%85%e5%a3%81%e7%ba%b8%e5%9b%be%e7%89%87&simid=608003267543525608&FORM=IRPRST&ck=05FC30022211F46A8B3E3FE8E8D3E082&selectedIndex=0
图片1,https://www.bing.com/images/search?view=detailV2&ccid=Md86Wi2E&id=94E5B2B0F268680EDC09B59CFF9383E54D3A41EC&thid=OIP.Md86Wi2EYiKHNPldRZiD4gHaEo&mediaurl=https%3a%2f%2fth.bing.com%2fth%2fid%2fR.31df3a5a2d8462228734f95d459883e2%3frik%3d7EE6TeWDk%252f%252bctQ%26riu%3dhttp%253a%252f%252fwww.quazero.com%252fuploads%252fallimg%252f140303%252f1-140303214331.jpg%26ehk%3dSpI7mz%252byLqOkT8BL79jcd3iCtQYNFlBHQzbtF1p0vuQ%253d%26risl%3d%26pid%3dImgRaw%26r%3d0&exph=1050&expw=1680&q=%e9%ab%98%e6%b8%85%e5%a3%81%e7%ba%b8%e5%9b%be%e7%89%87&simid=608003267543525608&FORM=IRPRST&ck=05FC30022211F46A8B3E3FE8E8D3E082&selectedIndex=0
图片2,https://th.bing.com/th/id/OIP.qaqZsoPnpPVMGDgowDD-JAHaEo?w=261&h=180&c=7&r=0&o=5&dpr=1.5&pid=1.7
图片3,https://th.bing.com/th/id/OIP.TLrk_d6bAgavVnnyhnjaswHaEo?w=252&h=180&c=7&r=0&o=5&dpr=1.5&pid=1.7
图片4,https://th.bing.com/th/id/R.2ef64687d859f101d29ae9249608ba36?rik=wLgWv2bQVHz5tQ&riu=http%3a%2f%2fwww.kutoo8.com%2fupload%2fimage%2f05636319%2f009.jpg&ehk=sxIaOi0B2Kc6g5BCsXnkUEGIR2S4w4VccVvxGvKu3uo%3d&risl=&pid=ImgRaw&r=0
图片5,https://th.bing.com/th/id/OIP.Xy_77gg7FpcHlVgu_JBpJwHaNK?pid=ImgDet&rs=1
图片6,https://th.bing.com/th/id/R.ab173af15642ff9a38d87f3543e6ad77?rik=aaV6xe8mHpL7nQ&riu=http%3a%2f%2fwww.962.net%2fup%2f2016-1%2f201601260852394039609.jpg&ehk=9tdLhw55AfMw2Brn%2bRm9AHq4W%2b1%2bwgErBQbilbzkFUg%3d&risl=&pid=ImgRaw&r=0
图片7,https://th.bing.com/th/id/R.dd3b0f029e36ab26f34d4ab1fb23f792?rik=2Q8a8QXeD%2fvXVQ&riu=http%3a%2f%2fwww.kutoo8.com%2fupload%2fimage%2f97790143%2f11.jpg&ehk=oUKDnnAzTUgIqNOHMPRXB7P%2fc48UbvaUGOCDYhsMNxA%3d&risl=&pid=ImgRaw&r=0
图片8,https://th.bing.com/th/id/R.3c66b48e08991c8f5db130d5be0a01e8?rik=pnPDyBjgkOHFeQ&riu=http%3a%2f%2fpic4.bbzhi.com%2ffengjingbizhi%2flvdilantian%2flvdilantian_393076_2.jpg&ehk=%2fivjDwwKWIJ5S%2f3gyGX5xbRlRDfPxSfqR%2fRAwzZjfKw%3d&risl=&pid=ImgRaw&r=0
图片9,https://th.bing.com/th/id/R.63743eab334c3febd29b83a56e282b97?rik=POLpAt1x6sPDrA&riu=http%3a%2f%2fpic.bizhi360.com%2fbbpic%2f8%2f6408.jpg&ehk=rRAZ8qQQeutA%2fbd1WQgTmySztYZpn%2biWmbXYfpiIrqI%3d&risl=&pid=ImgRaw&r=0
图片10,https://th.bing.com/th/id/R.69dd8a82ca55bb1de4d0ffdbc9f4daf0?rik=NKOlnbGwjwMEkw&riu=http%3a%2f%2fi1.3conline.com%2fimages%2fpiclib%2f201107%2f31%2fbatch%2f1%2f103987%2f1312116969924u40c1g4lg1.jpg&ehk=fAsVeW%2foCuzT7UWQego4CAHK7BalfaOJkyTqNWcpbG4%3d&risl=&pid=ImgRaw&r=0
图片11,https://th.bing.com/th/id/R.392a6339adbcc8c41ac88f0a05f9b49d?rik=MCzQyDrL1LEmjg&riu=http%3a%2f%2fwww.kutoo8.com%2fupload%2fimage%2f34646263%2fdn201307151003.jpg&ehk=6HlzfgwgJFMoHY9DLXu7NzdbNvWRYdR%2fco0hPi%2fWDHE%3d&risl=&pid=ImgRaw&r=0
图片12,https://th.bing.com/th/id/R.51f7214f7b1578c818b55b0c8fc57c93?rik=8aNocNkxBxARng&pid=ImgRaw&r=0
图片13,https://pic1.zhimg.com/v2-c03e2c85b8cd288ef55eb7b5a8f36bfe_r.jpg?source=1940ef5c
图片14,https://picb.zhimg.com/v2-50cfeb7422d3b57ce4e2b3312723962e_r.jpg?source=1940ef5c
图片15,https://th.bing.com/th/id/OIP.aEfNFByatOFvsHg18dtIcQHaEo?pid=ImgDet&rs=1
图片16,https://img.tt98.com/d/2020/2020061219006439/5ee3491509392.jpg
图片17,https://pic4.zhimg.com/v2-0cf88e1105a59d73bdc9b0208848abf2_r.jpg?source=1940ef5c
图片18,https://desk-fd.zol-img.com.cn/t_s960x600c5/g5/M00/02/08/ChMkJlbKzSGIAwhKAAlfgUpjQu4AALI9gAhe2oACV-Z470.jpg
图片19,https://th.bing.com/th/id/OIP.O4yLhW2n5AKJdg9K_rlBnAHaEo?pid=ImgDet&rs=1
图片20,https://pic3.zhimg.com/v2-fc4a5af7716c77251b573bb795fc4b17_r.jpg?source=1940ef5c
图片21,https://th.bing.com/th/id/OIP.cxxlPOLy0Zry4tGoHaSd6AHaNK?pid=ImgDet&rs=1
图片22,https://th.bing.com/th/id/R.03ea389ec4634c93f4ae2e038016abae?rik=MHFK8jVyIo9Ntw&pid=ImgRaw&r=0
图片23,https://th.bing.com/th/id/R.7bbaa824843e1140a3473db61ac984bc?rik=GY2kirQTqRK7lA&riu=http%3a%2f%2fpic.zsucai.com%2ffiles%2f2013%2f0711%2fkamc4.jpg&ehk=78bBze3g31EHGvGsCo8Elfcpx2tjyoi30AYT%2byO1KX4%3d&risl=&pid=ImgRaw&r=0
图片24,https://c-ssl.duitang.com/uploads/item/202002/21/20200221184353_8XzAE.jpeg
图片25,https://c-ssl.duitang.com/uploads/blog/202202/27/20220227204338_621e9.jpg
图片26,https://th.bing.com/th/id/R.4845a77c987eed2c604405f30f714318?rik=vLeEeV94eb5z0Q&riu=http%3a%2f%2fi3.img.969g.com%2fdown%2fimgx2013%2f10%2f14%2f255_092348_4c854.jpg&ehk=yIg6JMleIWfVztw5vcfdDSqTCmAR4pHPLH58rIrA5Rs%3d&risl=&pid=ImgRaw&r=0
图片27,https://th.bing.com/th/id/OIP.wHEooFINETr8GcrutnYAOgHaNK?pid=ImgDet&rs=1
图片28,https://c-ssl.duitang.com/uploads/blog/202007/29/20200729184115_tweny.jpg
图片29,https://c-ssl.duitang.com/uploads/item/201505/03/20150503183246_HNZwT.thumb.1000_0.jpeg
图片30,https://th.bing.com/th/id/R.5d9e81deb784856c52ba70ab1fb198f5?rik=nTkGYIgq5EWPiQ&riu=http%3a%2f%2fwww.kutoo8.com%2fupload%2fthumb%2f908473%2fe2b51c79073f759006f2533b9424cd38.jpg&ehk=vIZyXV6bXpISO0KtXOrjxFP20lrw7XHXW5ybYQ4lFR0%3d&risl=&pid=ImgRaw&r=0
图片31,https://c-ssl.duitang.com/uploads/item/202003/09/20200309125557_ueeyy.jpeg
图片32,https://th.bing.com/th/id/R.cf6bcd74e35f19cd2e42ee53eef494cc?rik=Y12vPqx1y6VrFw&riu=http%3a%2f%2fimg5.xiazaizhijia.com%2fwalls%2f20160421%2f1440x900_9f0240602201acb.jpg&ehk=%2b1V5IZh430J7VOL8Y%2fb1apLzBxvvZH%2fUrNzhftW%2fxIc%3d&risl=&pid=ImgRaw&r=0
图片33,https://th.bing.com/th/id/R.bf32d1e811f345410ba111e6b2f998dd?rik=M09Ag6jsUELHKw&riu=http%3a%2f%2fimg.pconline.com.cn%2fimages%2fupload%2fupc%2ftx%2fwallpaper%2f1305%2f10%2fc1%2f20777252_1368178171746.jpg&ehk=D8m9m%2fz96UupSrr11Z%2bDUMA%2fashfytAY%2btteJA0GJ8o%3d&risl=&pid=ImgRaw&r=0
图片34,https://th.bing.com/th/id/R.7e0903b0b91971bdd3703ef7cb89b06a?rik=rwhQMX8SHixNrQ&riu=http%3a%2f%2fpic1.win4000.com%2fwallpaper%2f4%2f573ae5f49d43c.jpg&ehk=s1853XNSrixSrfTFHfFqcvyuAMlKEIIDi9Kq7Tg%2b1n8%3d&risl=&pid=ImgRaw&r=0
图片35,https://th.bing.com/th/id/R.195c605b9046dd14a93fa496cd6f797e?rik=G2ArM3%2fXES5hcg&riu=http%3a%2f%2fwww.dnzhuti.com%2fuploads%2fallimg%2f170306%2f95-1F306095I1.jpg&ehk=UsXG6dRLJjK%2bz%2btUcJXLss3gjCfgoRkHaxShvRzLS7w%3d&risl=&pid=ImgRaw&r=0
图片36,https://img.win3000.com/m00/20/1f/f124c177f8ee844b6e2f002e60f41acf.jpg
图片37,https://th.bing.com/th/id/R.e4c3d4b98ac78c60a6e3ce30e8052444?rik=QNmi2jMe8yvoCg&riu=http%3a%2f%2fpic.zsucai.com%2ffiles%2f2013%2f0711%2fkamc5.jpg&ehk=c4PbieW%2fcEksk9EbjJnDt%2by4IrofSsuUOkqlHRry9uc%3d&risl=&pid=ImgRaw&r=0
图片38,https://th.bing.com/th/id/R.a437749f7ad085a4e88a326c24f1e084?rik=3DoXvL7JeQC2GQ&riu=http%3a%2f%2fim6.leaderhero.com%2fwallpaper%2f20141021%2f3be2fe6253.jpg&ehk=e8KbqX%2fSK2V%2br33elhPSZGoNbqzRF8U%2fgJFBWb95CJQ%3d&risl=&pid=ImgRaw&r=0
图片39,https://th.bing.com/th/id/R.33e3d86470f76a296f47946f5f54ea78?rik=VPh1PYyptJYlRg&riu=http%3a%2f%2fim5.leaderhero.com%2fwallpaper%2f20140312%2fa5066e5e-b.jpg&ehk=%2fpIeyk3pnY7vbnkbxoQc0%2boFi1ZoBZ1kIe9kBV9UGpg%3d&risl=&pid=ImgRaw&r=0
图片40,https://th.bing.com/th/id/R.57aca741df7e3d6be626d77f2f382ed3?rik=v%2boDmH4R4tl81Q&riu=http%3a%2f%2fim6.leaderhero.com%2fwallpaper%2fuser%2f196%2ffd33b2cf36e749fe84dbeff26c5f91d5.jpg&ehk=bTYOK%2bHDZajaSdPQuyQ9MTl17PBc8F2oDObHQRChDNM%3d&risl=&pid=ImgRaw&r=0
图片41,https://th.bing.com/th/id/R.970f5542d5ddb5378a08752e77731282?rik=xrIYQ2E0xWhj7Q&riu=http%3a%2f%2fwww.kutoo8.com%2fupload%2fimage%2f16873634%2f2016030305.jpg&ehk=gk%2bVJIrVcoDBJ6cCZlbvd4UYTR6Zg1v1gUN5mZ0c%2bjI%3d&risl=&pid=ImgRaw&r=0
图片42,https://th.bing.com/th/id/R.8005deff864a9b881ee6201b06c4b811?rik=ROe1twl3Ziug5Q&riu=http%3a%2f%2fim5.leaderhero.com%2fwallpaper%2f20120510%2f73343dc3-f.jpg&ehk=MHn6a4ra%2fV%2bDxzCxXqKakCu%2fT6p6YypiGkG8hC09o50%3d&risl=&pid=ImgRaw&r=0
图片43,https://th.bing.com/th/id/R.5c2240406ba6faa6dd80d7154de8680a?rik=qgRElPr0xmtS5Q&riu=http%3a%2f%2fwww.dnzhuti.com%2fuploads%2fallimg%2f160401%2f95-160401104113.jpg&ehk=XCvOXpQxb0Mky7P30cwZpOApoGNHmtZrcSeNXYW2SkY%3d&risl=&pid=ImgRaw&r=0
